File,URL
0001_12step,http://www.youtube.com/watch?v=iBHNgV6_znU
0003_6foot7foot,http://www.youtube.com/watch?v=c7tOAGY59uQ
0004_abc,http://www.youtube.com/watch?v=ho7796-au8U
0005_again,http://www.youtube.com/watch?v=KbdCeWoEH1U
0006_aint2proud2beg,http://www.youtube.com/watch?v=XmH4_pr6mH0
0008_america,http://www.youtube.com/watch?v=5m-GUCSNxmc
0009_americanmusic,http://www.youtube.com/watch?v=I8KGHatrPWE
0010_andjusticeforall,https://www.youtube.com/watch?v=_fKAsvJrFes
0011_areyouexperienced,https://www.youtube.com/watch?v=XxHS9lTUN4Y
0012_aroundtheworld,https://www.youtube.com/watch?v=LKYPYj2XX80
0013_athingaboutyou,https://www.youtube.com/watch?v=IdcO-V1Iu1Q
0014_babaoriley,http://www.youtube.com/watch?v=x2KRpRMSu4g
0015_babygotback,https://www.youtube.com/watch?v=X53ZSxkQ3Ho
0017_badromance,http://www.youtube.com/watch?v=qrO4YZeyl0I
0018_bassdownlow,http://www.youtube.com/watch?v=OOAMfUJ3tsc
0020_becauseofyou,http://www.youtube.com/watch?v=atz_aZA3rf0
0021_better,http://www.youtube.com/watch?v=tVKtLfFD8Po
0022_betteroffalone,http://www.youtube.com/watch?v=Lgs9QUtWc3M
0023_bewareoftheboys,http://www.youtube.com/watch?v=DJztXj2GPfk
0024_billionaire,http://www.youtube.com/watch?v=8aRor905cCw
0026_blackandyellow,http://www.youtube.com/watch?v=UePtoxDhJSw
0027_blackened,http://www.youtube.com/watch?v=DU_ggFovJNo
0028_blackmagic,https://www.youtube.com/watch?v=lQYYRg99OUY
0030_bodymovin,http://www.youtube.com/watch?v=KUs-yeZJ-NE
0032_boomboompow,http://www.youtube.com/watch?v=k2QPJ2xGMiY
0035_boyfriend,http://www.youtube.com/watch?v=4GuqB1BQVr4
0036_breakingthegirl,http://www.youtube.com/watch?v=iyu04pqC8lE
0037_breakyourheart,https://www.youtube.com/watch?v=Lr4qBNYJmV8
0038_bringmetolife,http://www.youtube.com/watch?v=3YxaaGgTQYM
0039_bulletproof,http://www.youtube.com/watch?v=Kk8eJh4i8Lo
0040_bustamove,http://www.youtube.com/watch?v=tZQQGX24Teg
0041_calabria,http://www.youtube.com/watch?v=WL1hlzLsUaU
0042_callme,http://www.youtube.com/watch?v=WMKJV-fxBog
0043_callmemaybe,http://www.youtube.com/watch?v=fWNaR-rxAic
0044_cameraeye,http://www.youtube.com/watch?v=fjrHJhMHyIM
0045_cantgetyou,http://www.youtube.com/watch?v=YPwtJ89jes4
0046_castlesmadeofsand,https://www.youtube.com/watch?v=03lWKQtl9BU (backwards)
0047_chinacatsunflower,http://www.youtube.com/watch?v=xCgZxrf8nrU
0048_chingaling,http://www.youtube.com/watch?v=7VSxopicGpc
0049_closer,http://www.youtube.com/watch?v=z_aC5xPQ2f4
0050_clubcanthandleme,http://www.youtube.com/watch?v=SgM3r8xKfGE
0052_collector,http://www.youtube.com/watch?v=BTIWzR2pifc
0053_commander,http://www.youtube.com/watch?v=4_XBW9_ocsg
0054_conceited,http://www.youtube.com/watch?v=C2WjyuC3vPs
0055_constantmotion,http://www.youtube.com/watch?v=jbwBsAGCMLE
0056_control,http://www.youtube.com/watch?v=LH8xbDGv7oY
0057_crankthat,http://www.youtube.com/watch?v=ltrKRG1JkoM
0058_criticalacclaim,http://www.youtube.com/watch?v=UM9vgmOR9GU
0059_cupidshuffle,http://www.youtube.com/watch?v=xC8aTLQJUUU
0061_dabutt,http://www.youtube.com/watch?v=FShE0VifCYs
0062_dance,http://www.youtube.com/watch?v=tCnBrrnOefs
0063_daysgoby,http://www.youtube.com/watch?v=gLCduDJVksc
0065_deadandbloated,http://www.youtube.com/watch?v=MdCEPhNBnrM
0066_decentdaysandnights,http://www.youtube.com/watch?v=9PYgCN2kIsg
0067_deep,http://www.youtube.com/watch?v=moGF512_csU
0068_devilsisland,http://www.youtube.com/watch?v=rNqrKAyuA6M
0069_digginmedown,http://www.youtube.com/watch?v=nqAmREzj6nA
0070_dipitlow,http://www.youtube.com/watch?v=5z5Mvyp1QHw
0071_dirtypool,http://www.youtube.com/watch?v=RaQ99ZdvYkE
0072_discoinferno,http://www.youtube.com/watch?v=V7EfnYwpmOE
0073_disturbia,http://www.youtube.com/watch?v=E1mU6h4Xdxc
0074_djgotusfallininlove,http://www.youtube.com/watch?v=C-dvTjK_07c
0075_dontcha,http://www.youtube.com/watch?v=YNSxNsr4wmA
0077_dontsweat,http://www.youtube.com/watch?v=6Y1Emb7Jyks
0078_donttouchme,https://www.youtube.com/watch?v=DBa8P19JnPE
0079_dontyouwantme,http://www.youtube.com/watch?v=uPudE8nDog0
0080_down,http://www.youtube.com/watch?v=oUbpGmR1-QM
0081_downonme,http://www.youtube.com/watch?v=AaXaig_43lU
0082_dragosteadintei,http://www.youtube.com/watch?v=YnopHCL1Jk8
0083_dragthewaters,http://www.youtube.com/watch?v=4hx8TW6sYys
0084_dropitlikeitshot,http://www.youtube.com/watch?v=RaCodgL9cvk
0085_electricboogie,http://www.youtube.com/watch?v=5jBkoEM0SSE
0086_escapade,http://www.youtube.com/watch?v=UFX3gQHIroU
0087_evacuate,http://www.youtube.com/watch?v=A68j28KQaik
0088_everybody,http://www.youtube.com/watch?v=6M6samPEMpM
0090_fearofthedarklive,https://www.youtube.com/watch?v=FoiHX9azZeQ
0091_fellonblackdays,http://www.youtube.com/watch?v=ySzrJ4GRF7s
0092_fergalicious,http://www.youtube.com/watch?v=5T0utQ-XWGY
0093_fireburning,http://www.youtube.com/watch?v=YkyhvCdJ_vM
0094_fireflies,http://www.youtube.com/watch?v=psuRGfAaju4
0095_firework,http://www.youtube.com/watch?v=QGJuMBdaqIw
0096_fivemagics,http://www.youtube.com/watch?v=ttJAb61N0rA
0098_floods,http://www.youtube.com/watch?v=td-v6vG2Xhs
0099_forgetyou,http://www.youtube.com/watch?v=bKxodgpyGec
0100_futureperfecttense,http://www.youtube.com/watch?v=6SG6_abQhC0
0101_galang,http://www.youtube.com/watch?v=2YJBCpBlMVI
0102_gangstaluv,http://www.youtube.com/watch?v=VND7YEXFJR8
0104_getbusy,http://www.youtube.com/watch?v=oPQ3o14ksaM
0105_getdownonit,http://www.youtube.com/watch?v=qchPLaiKocI
0106_getitshawty,http://www.youtube.com/watch?v=FADxR_aFPa4
0107_getlow,http://www.youtube.com/watch?v=IYH7_GzP4Tg
0108_getup,http://www.youtube.com/watch?v=huZFThnetjo
0109_geturfreakon,http://www.youtube.com/watch?v=FPoKiGQzbSQ
0110_girlsandboys,http://www.youtube.com/watch?v=WDswiT87oo8
0111_girlsonfilm,http://www.youtube.com/watch?v=KCjMZMxNr-0
0112_giveitup,https://www.youtube.com/watch?v=rTUgs5vNF4k
0113_giveituptome,http://www.youtube.com/watch?v=bMoNV9oWs2E
0114_givemeeverything,http://www.youtube.com/watch?v=EPo5wWmKEaI
0115_gonnamakeyousweat,http://www.youtube.com/watch?v=LaTGrV58wec
0116_goodies,http://www.youtube.com/watch?v=YtC92pzp5vw
0117_goodmorningblackfriday,http://www.youtube.com/watch?v=S_1dHzlWzns
0118_grenade,http://www.youtube.com/watch?v=SR6iYWJxHqs
0119_gunpowderandlead,http://www.youtube.com/watch?v=aWQdEDtveB0
0120_hallowedbethyname,http://www.youtube.com/watch?v=J51LPlP-s9o
0122_heardemall,http://www.youtube.com/watch?v=eRllx-0zxxU
0123_heavyduty,http://www.youtube.com/watch?v=9W9gBFhhGas
0124_hello,http://www.youtube.com/watch?v=jNm_wrWquPs
0125_hellogoodmorning,http://www.youtube.com/watch?v=DkoeNLuMbcI
0126_heymami,http://www.youtube.com/watch?v=m1b-HOdV5k4
0127_hollabackgirl,http://www.youtube.com/watch?v=Kgjkth6BRRY
0128_homecoming,http://www.youtube.com/watch?v=bYzSx9tSkDs
0129_hotinherre,http://www.youtube.com/watch?v=GeZZr_p6vB8
0130_hotstuff,http://www.youtube.com/watch?v=nYMeJSehCe4
0131_iamthebest,http://www.youtube.com/watch?v=j7_lSP8Vc3o
0132_iceicebaby,http://www.youtube.com/watch?v=rog8ou-ZepE
0133_ifeellove,http://www.youtube.com/watch?v=Nm-ISatLDG0
0134_igotmine,http://www.youtube.com/watch?v=tuR0aCQALDE
0135_igottafeeling,http://www.youtube.com/watch?v=uSD4vsh1zDA
0136_igotyoudancing,http://www.youtube.com/watch?v=Y1dhvJfrukw
0137_iknowyouwantme,http://www.youtube.com/watch?v=IjtdUG84ZEg
0138_ilikeit,http://www.youtube.com/watch?v=X9_n8jakvWU
0139_imcomingout,http://www.youtube.com/watch?v=zbYcte4ZEgQ
0140_impacto,http://www.youtube.com/watch?v=u1qWOcG6St8
0141_indaclub,http://www.youtube.com/watch?v=5qm8PH4xAss
0142_indestructible,http://www.youtube.com/watch?v=Hj2vU2nr5Jw
0143_informer,http://www.youtube.com/watch?v=TSffz_bl6zo
0144_ishotthesheriff,http://www.youtube.com/watch?v=2XiYUYcpsT4
0145_iwantyouback,http://www.youtube.com/watch?v=s3Q80mk7bxE
0148_jesusofsuburbia,http://www.youtube.com/watch?v=0_uAONQ32SE
0149_johnnyguitar,http://www.youtube.com/watch?v=JLMI1ZjtByk
0150_justdance,http://www.youtube.com/watch?v=2Abk1jAONjw
0151_kingofdancehall,http://www.youtube.com/watch?v=D_rkOdie5KY
0152_kingofrock,http://www.youtube.com/watch?v=qXzWlPL_TKw
0153_lalaland,http://www.youtube.com/watch?v=nmjO1p9Oxrk
0155_lapdance,http://www.youtube.com/watch?v=I_uDcCZDrxg
0156_lastnight,http://www.youtube.com/watch?v=AxFhwtwiw6o
0157_leanwitit,http://www.youtube.com/watch?v=Mfn5y9tCa2g
0158_letitrock,http://www.youtube.com/watch?v=u0n4eMGXAyk
0159_letthemusicplay,http://www.youtube.com/watch?v=_-0sUuGufmw
0160_likeag6,http://www.youtube.com/watch?v=w4s6H4ku6ZY
0161_limelight,https://www.youtube.com/watch?v=ZiRuj2_czzw
0162_lobotomy,http://www.youtube.com/watch?v=wzJf2PPbJeQ
0164_low,http://www.youtube.com/watch?v=dq6Q_uaJF4k
0165_lucretia,http://www.youtube.com/watch?v=de-xO3pUEd0
0166_macarena,http://www.youtube.com/watch?v=anzzNp8HlVQ
0167_makesomenoise,http://www.youtube.com/watch?v=WdgLMslbDuY
0168_maneater,http://www.youtube.com/watch?v=PLolag3YSYU
0169_manicdepression,http://www.youtube.com/watch?v=Ll7w7Q1uIAk
0170_manyshadesofblack,http://www.youtube.com/watch?v=LXwUdwAZL3Q
0171_marchofthepigs,http://www.youtube.com/watch?v=6mDQNRs5JCs
0172_marrythenight,http://www.youtube.com/watch?v=cggNqDAtJYU
0173_massiveattack,http://www.youtube.com/watch?v=2ZCUtnuAXg8
0174_maythisbelove,http://www.youtube.com/watch?v=CfFlO6lHZ2g
0175_meddle,http://www.youtube.com/watch?v=YsyxQD_IoyM
0176_megasus,http://www.youtube.com/watch?v=BfBmUEJuccA
0177_milkshake,http://www.youtube.com/watch?v=pGL2rytTraA
0178_mountainman,http://www.youtube.com/watch?v=2OvqpNP7dTI
0179_moveslikejagger,http://www.youtube.com/watch?v=iEPTlhBmwRg
0181_mrsaxobeat,http://www.youtube.com/watch?v=sS76eS34Y0c
0182_mycurse,http://www.youtube.com/watch?v=iPW9AbRMwFU
0183_mynameisjonas,http://www.youtube.com/watch?v=VoAnLHSLHGQ
0184_myprerogative,http://www.youtube.com/watch?v=5cDLZqe735k
0185_nasty,http://www.youtube.com/watch?v=9zoA0L2u-JQ
0186_nearlylostyou,http://www.youtube.com/watch?v=PE5f561Y1x4
0189_neversaynever,http://www.youtube.com/watch?v=_Z5-P9v3F8w
0190_newfang,http://www.youtube.com/watch?v=S7_vH3H8LPI
0191_newslang,http://www.youtube.com/watch?v=zYwCmcB0XMw
0194_nomoretears,https://www.youtube.com/watch?v=fLK95K_t6nY
0195_nookie,http://www.youtube.com/watch?v=2fGG4IQYEvQ
0197_nothinonyou,http://www.youtube.com/watch?v=8PTDv_szmL0
0198_nowthatwefoundlove,http://www.youtube.com/watch?v=NNEgUPKxk7A
0199_numberofthebeast2,http://www.youtube.com/watch?v=WxnN05vOuSM
0200_oceansize,http://www.youtube.com/watch?v=lVIev94s7Mo
0201_oh,http://www.youtube.com/watch?v=TGbwL8kSpEk
0204_onlyamemory,https://www.youtube.com/watch?v=DHYkYYikewU
0207_oopsohmy,http://www.youtube.com/watch?v=Hb37Nh_Sg4g
0208_opp,http://www.youtube.com/watch?v=idx3GSL2KWs
0209_paparazzi,http://www.youtube.com/watch?v=d2smz_1L2_0
0212_peoplegotalotofnerve,https://www.youtube.com/watch?v=JPCpbL0LFWs
0214_planetrock,http://www.youtube.com/watch?v=_rlUQsC8ECk
0215_pointofknowreturn,http://www.youtube.com/watch?v=o-R8gHj_7v8
0216_poison,http://www.youtube.com/watch?v=YejxyaFyUHc
0217_pokerface,http://www.youtube.com/watch?v=bESGLojNYSo
0218_policyoftruth,https://www.youtube.com/watch?v=qnPe13_kUjc (needs to be -0.08% sped-up)
0219_pondereplay,http://www.youtube.com/watch?v=oEauWw9ZGrA
0220_promiscuous,http://www.youtube.com/watch?v=0J3vgcE5i2o
0222_realgoodlooking,http://www.youtube.com/watch?v=d1PjsJL9UnM
0223_reallove,http://www.youtube.com/watch?v=7ovf52H5ydg
0226_rendezvu,http://www.youtube.com/watch?v=--MLlsBJFhw
0227_replay,http://www.youtube.com/watch?v=ZoG5jJ3E8rg
0229_ridingonthewind,http://www.youtube.com/watch?v=3K_12NlT_bQ
0231_rightthurr,http://www.youtube.com/watch?v=Y2aDHUa35FE
0233_rocknrollnightmare,http://www.youtube.com/watch?v=jzuxUSab_7c
0234_roundandround,http://www.youtube.com/watch?v=UfcvO2t8Ntg
0235_rudeboy,http://www.youtube.com/watch?v=e82VE8UtW8A
0236_rumpshaker,http://www.youtube.com/watch?v=xdCp_j8Wyuw
0237_run,http://www.youtube.com/watch?v=5quAcFIDAMQ
0238_sambadejaneiro,http://www.youtube.com/watch?v=ftWAgzb6wyw
0239_sandm,http://www.youtube.com/watch?v=KdS6HFQ_LUc
0240_sandstorm,http://www.youtube.com/watch?v=61-PXrbs4MA
0241_satellite,http://www.youtube.com/watch?v=8QSgNM9yNjo
0242_satisfaction,http://www.youtube.com/watch?v=a0fkNdPiIL4
0243_saucyjack,http://www.youtube.com/watch?v=6Bytig-oavY
0244_sayaah,http://www.youtube.com/watch?v=Z__FHAG1Jk8
0245_sayhey,http://www.youtube.com/watch?v=A0fYKguHFcQ
0246_scenario,http://www.youtube.com/watch?v=Q6TLWqn82J4
0247_scream,http://www.youtube.com/watch?v=KpsUsP2lIzU
0248_screamingfor,http://www.youtube.com/watch?v=mCNNQxdO9H8
0249_sensualseduction,http://www.youtube.com/watch?v=Y1PVmANeyAg
0250_sexyandiknowit,http://www.youtube.com/watch?v=wyx6JDQCslE
0251_sexychick,http://www.youtube.com/watch?v=N9hazmsUxrM
0254_sixsixsix,http://www.youtube.com/watch?v=3R01mUxcJrU
0255_sleepwalker,http://www.youtube.com/watch?v=TQ4dnJ8st2s
0257_somebodytolove,http://www.youtube.com/watch?v=SOI4OF7iIr4
0258_sorry,http://www.youtube.com/watch?v=BPKHZtggOOw
0259_spiceupyourlife,http://www.youtube.com/watch?v=9wfpXI5PKlw
0261_starships,http://www.youtube.com/watch?v=SeIJmciN8mo
0262_stash,http://www.youtube.com/watch?v=8OfQCAj2Ppg
0264_stereolove,http://www.youtube.com/watch?v=p-Z3YrHJ1sU
0265_straightlines,http://www.youtube.com/watch?v=47P3bzefCVI
0266_straightup,http://www.youtube.com/watch?v=El1kgCqD7Xk
0267_superfreak,http://www.youtube.com/watch?v=QYHxGBH6o4M
0268_supersonic,http://www.youtube.com/watch?v=J3nPLoODtGU
0269_sweettalk,http://www.youtube.com/watch?v=da0fukVrbtE
0270_takeovercontrol,http://www.youtube.com/watch?v=adGVpCsf9N4
0271_teachmehowtodougie,http://www.youtube.com/watch?v=aZglqkCRNt8
0272_teachmehowtojerk,http://www.youtube.com/watch?v=0FOjmV66zf8
0273_technologic,http://www.youtube.com/watch?v=fnWypQz6X2U
0274_temperature,http://www.youtube.com/watch?v=dW2MmuA1nI4
0276_texasflood,http://www.youtube.com/watch?v=evjMjpd4PNM
0277_thashiznit,https://www.youtube.com/watch?v=fjebEZmRDcg
0278_thatsthahomie,http://www.youtube.com/watch?v=k5xaFOxidyc
0279_thebreaks,http://www.youtube.com/watch?v=5ZDUEilS5M4
0280_thedayitriedtolive,http://www.youtube.com/watch?v=dbckIuT_YDc
0281_theedgeofglory,http://www.youtube.com/watch?v=1Wz_9dVJ-Ew
0282_thegreatsatan,http://www.youtube.com/watch?v=LtjSXaZ7Vw0
0283_thehumptydance,http://www.youtube.com/watch?v=PBsjggc5jHM
0284_thehustle,http://www.youtube.com/watch?v=wj23_nDFSfE
0285_thekill,http://www.youtube.com/watch?v=8yvGCAvOAfM
0286_theragelive,http://www.youtube.com/watch?v=sB_V2myq6As
0287_therewasatime,http://www.youtube.com/watch?v=bAZO90z52Rg
0288_thewayiare,http://www.youtube.com/watch?v=U5rLz5AZBIA
0289_thisisexile,http://www.youtube.com/watch?v=BpgAxcvbkUQ
0290_thisishowwedoit,http://www.youtube.com/watch?v=0hiUuL5uTKc
0291_thrasher,http://www.youtube.com/watch?v=OMyD6EdGesY
0292_timeslikethese,http://www.youtube.com/watch?v=rhzmNRtIp8k
0293_tomsawyer2,http://www.youtube.com/watch?v=auLBLk4ibAk
0294_tonighttonight,http://www.youtube.com/watch?v=QzlNFcT2aOE
0295_toxic,http://www.youtube.com/watch?v=LOZuxwVk7TU
0296_transmaniaconmc,http://www.youtube.com/watch?v=b0yNndiQMVk
0297_troublecomesrunning,http://www.youtube.com/watch?v=hwxpJD8HTQo
0298_turnmeon,http://www.youtube.com/watch?v=GP3Exc5tCtc
0299_turnthebeataround,http://www.youtube.com/watch?v=vz9pZW5OvM4
0301_unclejohnsband,http://www.youtube.com/watch?v=TSIajKGHZRk
0302_venus,http://www.youtube.com/watch?v=d4-1ASpdT1Y
0303_wakeupdead,http://www.youtube.com/watch?v=4kSvN1dQjxc
0304_weaponofchoice,http://www.youtube.com/watch?v=wCDIYvFmgW8
0305_wenospeakamericano,http://www.youtube.com/watch?v=7E9Ed9DUQoQ
0306_werunthis,http://www.youtube.com/watch?v=t2oIhJG7rXA
0307_whatdoesntkillyou,http://www.youtube.com/watch?v=Xn676-fLq7I
0308_whatislove,http://www.youtube.com/watch?v=HEXWRTEbj1I
0309_whatsmyname,http://www.youtube.com/watch?v=U0CGsw6h60k
0310_whineup,http://www.youtube.com/watch?v=jcMXZjYqIog
0311_whipmyhair,http://www.youtube.com/watch?v=LC0972PvaNE
0312_whitefalconfuzz,http://www.youtube.com/watch?v=smmDsfPKKPM
0314_whoomp,http://www.youtube.com/watch?v=JSOR85cP9jM
0315_whygo,http://www.youtube.com/watch?v=WfrJCbol7ZU
0316_wildones,http://www.youtube.com/watch?v=bpOR_HuHRNs
0318_windup,http://www.youtube.com/watch?v=YOIFZf6mUwc
0319_withoutyou,http://www.youtube.com/watch?v=g83dXwRkPhg
0320_wolflikeme,http://www.youtube.com/watch?v=j1-xRk6llh4
0321_wonderwall,http://www.youtube.com/watch?v=bx1Bh8ZvH84
0322_wordup,https://www.youtube.com/watch?v=MZjAantupsA
0323_yeah,http://www.youtube.com/watch?v=GxBSyx85Kp8
0324_yeah3x,http://www.youtube.com/watch?v=3mC2ixOAivA
0325_ymca,http://www.youtube.com/watch?v=PUoO4T_23pA
0326_yougotittherightstuff,http://www.youtube.com/watch?v=tbIEwIwYz-c
0327_youmakemefeel,http://www.youtube.com/watch?v=HpyZEzrDf4c
0328_youmakemefeeldc,http://www.youtube.com/watch?v=HpyZEzrDf4c
0329_youreajerk,http://www.youtube.com/watch?v=qv9VKKXwVxU
0330_50waystosaygoodbye,http://www.youtube.com/watch?v=GSBFehvLJDc
0331_againstallodds,http://www.youtube.com/watch?v=Qa1AqKxakRM
0332_alejandro,http://www.youtube.com/watch?v=niqrrmev4mA
0333_allday,http://www.youtube.com/watch?v=MYRNGeIJMiQ
0334_alltherightplaces,http://www.youtube.com/watch?v=Aa6wq6q0TJ4
0335_allyourlife,http://www.youtube.com/watch?v=mpdh4pPl0Ck
0336_alonewithyou,http://www.youtube.com/watch?v=Y3EpArAtGJQ
0337_alwayssomethingthere,http://www.youtube.com/watch?v=lVrELhxOFnM
0338_animal,http://www.youtube.com/watch?v=chJgaksG4sg
0339_aslongasyouloveme,http://www.youtube.com/watch?v=R4em3LKQCAQ
0340_backintime,http://www.youtube.com/watch?v=zaSZE194D4I
0341_baggageclaim,http://www.youtube.com/watch?v=536E2Yjj5kk
0342_bangpop,http://www.youtube.com/watch?v=-BgbhcThHdg
0343_banjo,http://www.youtube.com/watch?v=i9RRBGFO1nI
0344_beautifullife,http://www.youtube.com/watch?v=wh-07BzfgYY
0345_beinlovetonight,http://www.youtube.com/watch?v=MEUil_bFccE
0346_birthdaydress,http://www.youtube.com/watch?v=dDtfqq7J3x0
0347_bitch,http://www.youtube.com/watch?v=_ivt_N2Zcts
0348_blackout,http://www.youtube.com/watch?v=PBZICTaUmU0
0349_blow,http://www.youtube.com/watch?v=xXNSwkmoWqs
0350_blowme,http://www.youtube.com/watch?v=3jNlIGDRkvQ
0351_blowup,http://www.youtube.com/watch?v=1vi1bTM3x6Y
0352_boogiewonderland,http://www.youtube.com/watch?v=god7hAPv8f0
0353_bottomsup,http://www.youtube.com/watch?v=ekAXPCphKXQ
0354_brandnewday,http://www.youtube.com/watch?v=GYT77hfd5Lo
0355_brokenhearted,http://www.youtube.com/watch?v=s8cbak34DR0
0356_californiagurls,http://www.youtube.com/watch?v=F57P9C4SAW4
0357_cheers,http://www.youtube.com/watch?v=ZR0v0i63PQ4
0358_children,http://www.youtube.com/watch?v=9dFnIHA35x0
0359_cominghome,http://www.youtube.com/watch?v=k-ImCpNqbJw
0360_coolerthanme,http://www.youtube.com/watch?v=mqWq_48LxWQ
0361_countrymustbecountrywide,http://www.youtube.com/watch?v=8peBUdlUNmM
0362_crazygirl,http://www.youtube.com/watch?v=J3HwFtdVTfM
0363_darkside,http://www.youtube.com/watch?v=H5ArpRWcGe0
0364_deuces,http://www.youtube.com/watch?v=rhBwt9mw7Sk
0365_dirtroadanthem,http://www.youtube.com/watch?v=Lb9q1ScC4cg
0366_domino,http://www.youtube.com/watch?v=UJtB55MaoD0
0367_dontdreamitsover,http://www.youtube.com/watch?v=J9gKyRmic20
0368_dontwakemeup,http://www.youtube.com/watch?v=QOowQeKyNkQ
0369_dontyouworrychild,http://www.youtube.com/watch?v=1y6smkh6c-0
0370_downonme,http://www.youtube.com/watch?v=AaXaig_43lU
0371_downunder,http://www.youtube.com/watch?v=XfR9iY5y94s
0372_drinkinmyhand,http://www.youtube.com/watch?v=usGv0gB2zEU
0373_driveby,http://www.youtube.com/watch?v=1agUFG0f50Y
0374_drunkonyou,http://www.youtube.com/watch?v=HpFaI0dKAHc
0375_dynamite,http://www.youtube.com/watch?v=NBoqI5JaVF0
0376_earthquake,http://www.youtube.com/watch?v=hIp4rQh4O50
0377_eatdirt,http://www.youtube.com/watch?v=u4Q0SnDYcSg
0378_effinperfect,http://www.youtube.com/watch?v=ocDlOD1Hw9k
0379_et,http://www.youtube.com/watch?v=t5Sd5c4o9UM
0380_everybodytalks,http://www.youtube.com/watch?v=X5G9tIe84lE
0381_everythingyouwant,http://www.youtube.com/watch?v=rZoD8JEFjAE
0382_fatherofmine,http://www.youtube.com/watch?v=kkcbxjWG9Mc
0383_feelsoclose,http://www.youtube.com/watch?v=R8egmh5dWzo
0384_finally,http://www.youtube.com/watch?v=xk8mm1Qmt-Y
0385_fiveoclock,http://www.youtube.com/watch?v=noLrCDzAp5M
0386_footloose,http://www.youtube.com/watch?v=yd8ULcdniQE
0387_free,http://www.youtube.com/watch?v=1FObmcZnoKM
0388_gangnamstyle,http://www.youtube.com/watch?v=9bZkp7q19f0
0389_gettinoveryou,http://www.youtube.com/watch?v=hWjrMTWXH28
0390_getyourselfbackhome,http://www.youtube.com/watch?v=ltOR2VzDZFM
0391_givemeallyourluvin,http://www.youtube.com/watch?v=cItHOl5LRWg
0392_givemeyourhand,http://www.youtube.com/watch?v=x0G02aolWj0
0393_giveyourheartabreak,http://www.youtube.com/watch?v=1zfzka5VwRc
0394_godgavemetoyou,http://www.youtube.com/watch?v=nCf2PoTuh4Q
0395_gold,http://www.youtube.com/watch?v=p9PjrtcHJPo
0396_goodfeeling,http://www.youtube.com/watch?v=3OnnDqH6Wj8
0397_goodlife,http://www.youtube.com/watch?v=jZhQOvvV45w
0398_goodtime,http://www.youtube.com/watch?v=H7HmzwI67ec
0399_gotmygirls,http://www.youtube.com/watch?v=uKaIJWA360A
0400_heatofthemoment,http://www.youtube.com/watch?v=xDpPoytXVvo
0401_hello,http://www.youtube.com/watch?v=nLFQGRNedTw
0402_herestous,http://www.youtube.com/watch?v=KC0DNLDXJW8
0403_heybaby,http://www.youtube.com/watch?v=1hr3Inwbdfc
0404_holditagainstme,http://www.youtube.com/watch?v=-Edv8Onsrgg
0405_home,http://www.youtube.com/watch?v=wSJoZiB-UGY
0406_honeybee,http://www.youtube.com/watch?v=xZjosn2u1gA
0407_humpinaround,http://www.youtube.com/watch?v=XtE1TmikgIQ
0408_icanonlyimagine,http://www.youtube.com/watch?v=TSNerxNwWtU
0409_idontlikeyou,http://www.youtube.com/watch?v=XIHwEaCY9As
0410_idontwantthisnighttoend,http://www.youtube.com/watch?v=-jEDdFm3Nx0
0411_ifihadyou,http://www.youtube.com/watch?v=wmXQFwlD7vk
0412_ifitmakesyouhappy,http://www.youtube.com/watch?v=dyihQtBes1I
0413_ifyoucouldonlysee,http://www.youtube.com/watch?v=Sfg6-4mBs6Y
0414_illbe,http://www.youtube.com/watch?v=5qrTmNDZ-nc
0415_illbewaiting,http://www.youtube.com/watch?v=lQfnAwFG6Jw
0416_impossible,http://www.youtube.com/watch?v=NWdrO4BoCu8
0417_imtoosexy,http://www.youtube.com/watch?v=P5mtclwloEQ
0418_inthedark,http://www.youtube.com/watch?v=mgEixhE3Oms
0419_itgirl,http://www.youtube.com/watch?v=4oGUHRXT-wA
0420_itsrainingmen,http://www.youtube.com/watch?v=l5aZJBLAu1E
0421_ittakestwo,http://www.youtube.com/watch?v=phOW-CZJWT0
0422_itwillrain,http://www.youtube.com/watch?v=W-w3WfgpcGg
0423_iwannago,http://www.youtube.com/watch?v=T-sxSd1uwoU
0424_justadream,http://www.youtube.com/watch?v=N6O2ncUKvlg
0425_justakiss,http://www.youtube.com/watch?v=v_yTphvyiPU
0426_justcantgetenough,http://www.youtube.com/watch?v=OrTyD7rjBpw
0427_justthewayyouare,http://www.youtube.com/watch?v=LjhCEhWiKXk
0428_kingofanything,http://www.youtube.com/watch?v=eR7-AUmiNcA
0429_kissinu,http://www.youtube.com/watch?v=nhT_6Yz-Nbc
0430_lastfridaynight,http://www.youtube.com/watch?v=KlyXNRrsk4A
0431_letitrain,http://www.youtube.com/watch?v=pvxAiLqF7C0
0432_letsgo,http://www.youtube.com/watch?v=kdih7kjmQJw
0433_lighters,http://www.youtube.com/watch?v=YWt4wmZ_EMI
0434_lights,http://www.youtube.com/watch?v=0NKUpo_xKyQ
0435_lookatmenow,http://www.youtube.com/watch?v=8gyLR4NfMiI
0436_loveactually,http://www.youtube.com/watch?v=uNxX2N4D_Aw
0437_lovelikewoe,http://www.youtube.com/watch?v=oh6Oz-L156c
0438_loverlover,http://www.youtube.com/watch?v=-q0LE3gtUn8
0439_lovethewayyoulie,http://www.youtube.com/watch?v=uelHwf8o7_U
0440_loveyoulikealovesong,http://www.youtube.com/watch?v=EgT_us6AsDg
0441_lovingyoutonight,http://www.youtube.com/watch?v=LxYQsO53qHI
0442_lullaby,http://www.youtube.com/watch?v=hG9C0VwruXE
0443_magic,http://www.youtube.com/watch?v=Cq-NShfefks
0444_maybe,http://www.youtube.com/watch?v=oFhRowkNrTM
0445_memories,http://www.youtube.com/watch?v=NUVCQXMUVnI
0446_midnightcity,http://www.youtube.com/watch?v=dX3k_QDnzHE
0447_mindyourmanners,http://www.youtube.com/watch?v=nKyRBCW-Rcg
0448_mine,http://www.youtube.com/watch?v=XPBwXKgDTdE
0449_misery,http://www.youtube.com/watch?v=6g6g2mvItp4
0450_more,http://www.youtube.com/watch?v=ry-LNqQK2r0
0451_mrknowitall,http://www.youtube.com/watch?v=0C_oNMH0GTk
0452_myfirstkiss,http://www.youtube.com/watch?v=WTzvCtZ_72k
0453_mygirl,http://www.youtube.com/watch?v=OB2rq5XQreY
0454_myohmy,http://www.youtube.com/watch?v=3b6sYhdqKqA
0455_nevertearusapart,http://www.youtube.com/watch?v=yyZU4iNRdsM
0456_nohands,http://www.youtube.com/watch?v=45-ds-m9gc4
0457_nothing,http://www.youtube.com/watch?v=znauK-vpMI4
0458_notorious,http://www.youtube.com/watch?v=Z9z0e1Wm64M
0459_notoveryou,http://www.youtube.com/watch?v=vDWhfsQHq1o
0460_numb,http://www.youtube.com/watch?v=eHqjZD3lb4M
0461_obsession,http://www.youtube.com/watch?v=KEwxG8UfG44
0462_oldalabama,http://www.youtube.com/watch?v=ZDRfrVMrV6Q
0463_onemorenight,http://www.youtube.com/watch?v=fwK7ggA3-bU
0464_oneofus,http://www.youtube.com/watch?v=7Gx1Pv02w3Q
0465_onething,http://www.youtube.com/watch?v=Y1xs_xPb46M
0466_onthedarkside,http://www.youtube.com/watch?v=GgIsyoxZ7Uw
0467_onthefloor,http://www.youtube.com/watch?v=t4H_Zoh7G5A
0468_openarms,http://www.youtube.com/watch?v=3ByIYof4mqo
0469_ordinaryworld,http://www.youtube.com/watch?v=wUgLge_MPIM
0470_ours,https://www.youtube.com/watch?v=LZ34LlaIk88
0471_paradise,http://www.youtube.com/watch?v=1G4isv_Fylg
0472_partofme,http://www.youtube.com/watch?v=uuwfgXD8qV8
0473_payphone,http://www.youtube.com/watch?v=LNArCBr6rrs
0474_pleasedontgo,http://www.youtube.com/watch?v=HpixdTlYlKU
0475_poisonedwithlove,http://www.youtube.com/watch?v=sU-XPQlv14c
0476_pontoon,http://www.youtube.com/watch?v=V0O0nzkESTI
0477_poundthealarm,http://www.youtube.com/watch?v=vdrqA93sW-8
0478_prayforyou,http://www.youtube.com/watch?v=atBg9zLI2bA
0479_pricetag,http://www.youtube.com/watch?v=ax8vswuqlsk
0480_raiseyourglass,http://www.youtube.com/watch?v=XjVNlG5cZyQ
0481_reallove,http://www.youtube.com/watch?v=r-FUquLYdxQ
0482_redsolocup,http://www.youtube.com/watch?v=BKZqGJONH68
0483_ridinsolo,http://www.youtube.com/watch?v=8ESdn0MuJWQ
0484_rockthatbody,http://www.youtube.com/watch?v=nmnjL26OBcY
0485_rollinginthedeep,http://www.youtube.com/watch?v=rYEDA3JcQqw
0486_rundatback,http://www.youtube.com/watch?v=ssmGB7mbXCk
0487_secrets,http://www.youtube.com/watch?v=qHm9MG9xw1o
0488_september,http://www.youtube.com/watch?v=nJzBcKM3ZIE
0489_shakeyourbody,http://www.youtube.com/watch?v=vAZA6oNEWZg
0490_showme,http://www.youtube.com/watch?v=P4E77XBzQgc
0491_skyscraper,http://www.youtube.com/watch?v=r_8ydghbGSg
0492_sm,http://www.youtube.com/watch?v=Ce2_k0LaE7E
0493_somebodysheartbreak,http://www.youtube.com/watch?v=j1huevoUL_I
0494_somebodythatiusedtoknow,http://www.youtube.com/watch?v=8UVNT4wvIGY
0495_someonelikeyou,http://www.youtube.com/watch?v=hLQl3WQQoQ0
0496_sparksfly,http://www.youtube.com/watch?v=oKar-tF__ac
0497_speakers,http://www.youtube.com/watch?v=4NQtfOfb8pI
0498_springsteen,http://www.youtube.com/watch?v=l2gGXlW6wSY
0499_starbuckssmile,http://www.youtube.com/watch?v=DTsn8CNCuuw
0500_stay,http://www.youtube.com/watch?v=i9HGwRbMiVY
0501_stayawhile,http://www.youtube.com/watch?v=STJ-O9cTXlI
0502_stronger,http://www.youtube.com/watch?v=yWMqk2zvq2U
0503_stucklikeglue,http://www.youtube.com/watch?v=5iDPw_qjhtM
0504_suspiciousminds,http://www.youtube.com/watch?v=RxOBOhRECoo
0505_takeitoff,http://www.youtube.com/watch?v=edP0L6LQzZE
0506_takemehometonight,http://www.youtube.com/watch?v=JVj61ZX_8Cs
0507_teenagedream,http://www.youtube.com/watch?v=98WtmW-lfeE
0508_tennesseeme,http://www.youtube.com/watch?v=cj4ZzYNQP9U
0509_thelazysong,http://www.youtube.com/watch?v=fLexgOxsZu0
0510_theonethatgotaway,http://www.youtube.com/watch?v=Ahha3Cqe_fk
0511_theonlyexception,http://www.youtube.com/watch?v=-J7J_IWUhls
0512_theshowgoeson,http://www.youtube.com/watch?v=Rmp6zIr5y4U
0513_thetime,http://www.youtube.com/watch?v=JwQZQygg3Lk
0514_thetimeofmylife,http://www.youtube.com/watch?v=4BQLE_RrTSU
0515_thisafternoon,http://www.youtube.com/watch?v=pflARrGZqOw
0516_thisorthat,http://www.youtube.com/watch?v=yviQ2gIUDks
0517_tilltheworldends,http://www.youtube.com/watch?v=qzU9OrZlKb8
0518_timeaftertime,http://www.youtube.com/watch?v=VdQY7BusJNU
0519_titanium,http://www.youtube.com/watch?v=JRfuAukYTKg
0520_tonight,http://www.youtube.com/watch?v=UecPqm2Dbes
0521_tooclose,http://www.youtube.com/watch?v=zP50Ewh31E4
0522_turnupthemusic,http://www.youtube.com/watch?v=eQWG8BVeryU
0523_ucanttouchthis,http://www.youtube.com/watch?v=otCpCn0l4Wo
0524_undoit,http://www.youtube.com/watch?v=ywtJYvDBKek
0525_venus,http://www.youtube.com/watch?v=d4-1ASpdT1Y
0526_waitingoutsidethelines,http://www.youtube.com/watch?v=_AU1yyy_At4
0527_wantuback,http://www.youtube.com/watch?v=LPgvNlrBfb0
0528_werunthenight,http://www.youtube.com/watch?v=AP4dnGkZne4
0529_werwhower,http://www.youtube.com/watch?v=mXvmSaE0JXA
0530_whatthehell,http://www.youtube.com/watch?v=tQmEd_UeeIk
0531_whenwestandtogether,http://www.youtube.com/watch?v=Y96WY5Do_bs
0532_whistle,http://www.youtube.com/watch?v=cSnkWzZ7ZAA
0533_whosays,http://www.youtube.com/watch?v=BzE1mX4Px0I
0534_wideawake,http://www.youtube.com/watch?v=k0BWlvnBmIE
0535_withoutyou,http://www.youtube.com/watch?v=jUe8uoKdHao
0536_workout,http://www.youtube.com/watch?v=NNFIqZtSxZI
0537_writteninthestars,http://www.youtube.com/watch?v=wfjoxtUUGN8
0538_you,http://www.youtube.com/watch?v=J0EtpEdZWZY
0539_youandi,http://www.youtube.com/watch?v=X9YMU0WeBwU
0540_youandme,http://www.youtube.com/watch?v=CQzFZPEs020
0541_youdroppedabombonme,http://www.youtube.com/watch?v=17lkdqoLt44 (needs to be 0.8% sped-up)
0542_yougetwhatyougive,http://www.youtube.com/watch?v=DL7-CKirWZE
0543_yougonnafly,http://www.youtube.com/watch?v=vHi59pMU3H4
0544_yougottabe,http://www.youtube.com/watch?v=pO40TcKa_5U
0545_youkeepmehangingon,http://www.youtube.com/watch?v=I_3gLp6k7ZE
0546_18days,http://www.youtube.com/watch?v=UHcUEnmQ8AI
0547_1901boflexdpassionpitremix,http://www.youtube.com/watch?v=S0Oy-dNjRUg
0548_2getherextended,http://www.youtube.com/watch?v=-3mTMF5QYnc
0549_515,http://www.youtube.com/watch?v=K5hrgqXAUw0
0550_aboutyounow,http://www.youtube.com/watch?v=AlIUNtQEI_s
0551_accordingtoyou,http://www.youtube.com/watch?v=Pu1aQvm5MrU
0552_addicted,http://www.youtube.com/watch?v=Z-ChyVXzbjA
0553_alivefeatthegoodnatured,http://www.youtube.com/watch?v=aiDtNVTJi-s
0554_allalright,http://www.youtube.com/watch?v=mmKt0WaAPDQ
0555_allaroundme,http://www.youtube.com/watch?v=xN0FFK8JSYE
0556_allaroundtheworld,http://www.youtube.com/watch?v=wlAw48HucqY
0557_alligator,http://www.youtube.com/watch?v=w3YBX0OfNzA
0558_allnightlong,http://www.youtube.com/watch?v=XiDQ8k2ceNs
0559_alltherightmoves,http://www.youtube.com/watch?v=qrOeGCJdZe4
0560_almostlovenow,http://www.youtube.com/watch?v=CriR83-eyC4
0561_alorsondanse,http://www.youtube.com/watch?v=qWmFDWs8l7U
0562_alreadygone,http://www.youtube.com/watch?v=z082xUBdzrM
0564_americanboybenny,http://www.youtube.com/watch?v=HvIvb0Isb6s
0565_americanhoney,http://www.youtube.com/watch?v=Tzzr7RbzUTs
0566_americanwoman,http://www.youtube.com/watch?v=5Z_fsdWYXMA
0567_anythingcouldhappen,http://www.youtube.com/watch?v=5hzgS9s-tE8
0568_apologize,http://www.youtube.com/watch?v=ZSM3w1v-A_Y
0569_arrow,http://www.youtube.com/watch?v=Qbu98Vj7BU8
0570_aslongasyouloveme,http://www.youtube.com/watch?v=v-FVihIlU2g
0571_atlantis,http://www.youtube.com/watch?v=0Hstt2EG9Us
0572_awake,http://www.youtube.com/watch?v=WAZ0kA-KvWg
0573_babyludacris,http://www.youtube.com/watch?v=kffacxfA7G4
0574_badromanceappboyz,http://www.youtube.com/watch?v=2OeIAwSVurg
0575_badromanceskrillexremix,http://www.youtube.com/watch?v=LGypt26IrP8
0576_barbrastreisand,http://www.youtube.com/watch?v=WK4HHaNhcgU
0577_battlefieldmainversion,http://www.youtube.com/watch?v=suPlYwJ3YvM
0578_bealright,http://www.youtube.com/watch?v=FsNZdlV64jU
0579_beatitstudioversion,http://www.youtube.com/watch?v=sk8Pb17pcQI
0580_beautiful,http://www.youtube.com/watch?v=eAfyFTzZDMM
0581_beautifulcarlyrae,http://www.youtube.com/watch?v=384aT-yAfNI
0582_beautifulday,http://www.youtube.com/watch?v=co6WMzDOh1o
0583_beautifulgirls,http://www.youtube.com/watch?v=MrTz5xjmso4
0585_beautyandabeat,http://www.youtube.com/watch?v=Ys7-6_t7OEQ
0586_bed,http://www.youtube.com/watch?v=82t_UOMHPJY
0587_bedrock,http://www.youtube.com/watch?v=Ha80ZaecGkQ
0588_believe,http://www.youtube.com/watch?v=j97bd6Cjp2U
0589_bestieverhad,http://www.youtube.com/watch?v=Zfp3KfYH0xA
0590_betterintime,http://www.youtube.com/watch?v=qSxyffSB7wA
0591_biggirlsdontcry,http://www.youtube.com/watch?v=E6sqA9QtV5I
0592_blameit,http://www.youtube.com/watch?v=CFg-fhNpW5w
0593_blameitradioedit,http://www.youtube.com/watch?v=OpoBYs_JmZg
0594_bleedinglove,http://www.youtube.com/watch?v=Vzo-EL_62fQ
0595_blonde,http://www.youtube.com/watch?v=fAWoUu07JoI
0596_bonbon,http://www.youtube.com/watch?v=9O72RLP5fF4
0597_boomboomguetta,http://www.youtube.com/watch?v=4UiDt_hj_yI
0598_boomboompow,http://www.youtube.com/watch?v=e0UnTx2quxU
0599_boyfriend,http://www.youtube.com/watch?v=4GuqB1BQVr4
0600_breakeven,http://www.youtube.com/watch?v=MzCLLHscMOw
0602_breaktheice,http://www.youtube.com/watch?v=eQFIKP9rGhQ
0603_breaktheicejasonnevinsmix,https://www.youtube.com/watch?v=vilnkB0HKgk
0604_bustitbabypart2,http://www.youtube.com/watch?v=X_yyDbsNUWQ
0607_cantholdus,http://www.youtube.com/watch?v=2zNSgSzhBfM
0608_canttellmenothing,http://www.youtube.com/watch?v=E58qLXBfLrs
0609_carryon,http://www.youtube.com/watch?v=q7yCLn-O-Y0
0610_castle,http://www.youtube.com/watch?v=Lhfl8B921qM
0611_catchingfeelings,http://www.youtube.com/watch?v=axyfEusEuho
0613_celebrationbennybenassi,http://www.youtube.com/watch?v=EDa4i7MxQjw
0614_cinema,http://www.youtube.com/watch?v=-XitaH2ZUD4
0615_circus,http://www.youtube.com/watch?v=lVhJ_A8XUgc
0616_citygirl,http://www.youtube.com/watch?v=Ad8gs3MkB3Y
0617_citylights,http://www.youtube.com/watch?v=hnrCCxOsHD8
0618_clocks,http://www.youtube.com/watch?v=B1EyEgRiBys
0619_closer,http://www.youtube.com/watch?v=z_aC5xPQ2f4
0620_closertands,http://www.youtube.com/watch?v=9e9NSMY8QiQ
0621_clubcanthandleme,http://www.youtube.com/watch?v=8aoVPU-alfc
0622_clumsy,http://www.youtube.com/watch?v=tf_gPZSDIxI
0623_comeongethigher,http://www.youtube.com/watch?v=aHx4BlF6V2o
0625_complicated,http://www.youtube.com/watch?v=5NPBIwQyPWE
0626_coolerthanme,http://www.youtube.com/watch?v=mqWq_48LxWQ
0627_cowboyboots,http://www.youtube.com/watch?v=QKZUQXxM6-Q
0628_crankthatsouljaboy,http://www.youtube.com/watch?v=8UFIYGkROII
0629_crush,http://www.youtube.com/watch?v=6J1-eYBbspA
0630_crushcrushcrush,http://www.youtube.com/watch?v=ei8hPkyJ0bU
0631_curiosity,http://www.youtube.com/watch?v=nKMj9p3uqlw
0632_cyclone,http://www.youtube.com/watch?v=y-1575pG-kc
0633_dancingmachine,http://www.youtube.com/watch?v=bloxF-1u63Y
0634_dangerous,http://www.youtube.com/watch?v=Ro7yHf_pU14
0635_daynnite,http://www.youtube.com/watch?v=D439MPwfLT0
0636_daynnitecrookersremix,http://www.youtube.com/watch?v=S-VveKWBz_k
0637_daynniteremix,https://www.youtube.com/watch?v=YcVPnX-nML4
0638_deadandgone,http://www.youtube.com/watch?v=OACV8UVHF5o
0639_dieinyourarms,http://www.youtube.com/watch?v=jLeklyUsDVI
0640_disturbia2,http://www.youtube.com/watch?v=E1mU6h4Xdxc
0642_dontconfess,http://www.youtube.com/watch?v=7RPuDnWKq_Y
0643_dontrush,http://www.youtube.com/watch?v=DYJCKJqjldw
0644_dontsayaword,http://www.youtube.com/watch?v=zJHqN_ND7xI
0645_dontstopthemusic,http://www.youtube.com/watch?v=yd8jh9QYfEs
0647_dontthinkidontthinkaboutit,http://www.youtube.com/watch?v=3HsYNUUl9MM
0648_donttrustme,http://www.youtube.com/watch?v=mdB3Oyd5HtU
0649_down,http://www.youtube.com/watch?v=oUbpGmR1-QM
0650_downlilwayne,http://www.youtube.com/watch?v=oUbpGmR1-QM
0651_doyouremember,http://www.youtube.com/watch?v=a81eP2E8MEQ
0652_drovemewild,http://www.youtube.com/watch?v=nfNwfgABrX4
0653_dynamite,https://www.youtube.com/watch?v=qETzuNQ-OSg (needs to be 2.45% sped-up)
0654_dynamitemixinmarc,http://www.youtube.com/watch?v=Vysgv7qVYTo
0655_earthquakey,http://www.youtube.com/watch?v=uWDGlIZjXz8
0657_enursbonfire,http://www.youtube.com/watch?v=ndSZ9LNzvjc
0658_evacuatethedancefloor,http://www.youtube.com/watch?v=fiXhGlAiDE4
0659_everybody,http://www.youtube.com/watch?v=sJZgqcUVR94
0660_everymorning,http://www.youtube.com/watch?v=OKUO3R2zhXw
0661_everythingaboutyou,http://www.youtube.com/watch?v=dLO0PlEmHU4
0662_everytimewetouch,http://www.youtube.com/watch?v=kfbbLf_-KEw
0663_explosions,http://www.youtube.com/watch?v=miOEmyjpLkU
0664_eyesextendedmix,http://www.youtube.com/watch?v=DQ011KrFSJQ
0665_fall,http://www.youtube.com/watch?v=3OmeRz8lj_Q
0666_fallin,http://www.youtube.com/watch?v=Urdlvw0SSEc
0668_fallinganthem,http://www.youtube.com/watch?v=FmBPFJi-098
0669_fastforwardffwd,http://www.youtube.com/watch?v=ONA-hEvs01s
0670_fearless,http://www.youtube.com/watch?v=ptSjNWnzpjg
0671_feedback,http://www.youtube.com/watch?v=wU0ucfoBcXM
0672_feelitinmybones,http://www.youtube.com/watch?v=eFmgr217Cxw
0673_feelsliketonight,http://www.youtube.com/watch?v=2judm5t9Qdo
0674_feelsocloseextendedmix,http://www.youtube.com/watch?v=g8a1equFIu4
0676_figure8,http://www.youtube.com/watch?v=rNpBahr49mA
0677_fireburning,http://www.youtube.com/watch?v=YkyhvCdJ_vM
0678_fireflies,http://www.youtube.com/watch?v=psuRGfAaju4
0679_firsttime,http://www.youtube.com/watch?v=J0YvWQNWEJA
0680_fixaheart,http://www.youtube.com/watch?v=r9DBFTZTKPI
0681_flashinglights,http://www.youtube.com/watch?v=mWtIxc38xNE
0682_forever,http://www.youtube.com/watch?v=5sMKX22BHeE
0683_foreverextendedmix,http://www.youtube.com/watch?v=ymOyucbZZzM
0685_forgottolaugh,http://www.youtube.com/watch?v=nH5nkjdpaVo
0686_fortheloveofadaughter,http://www.youtube.com/watch?v=9VZhI5iafH0
0687_getouttamyway,http://www.youtube.com/watch?v=3PkplW5oIrA
0688_getthepartystarted,http://www.youtube.com/watch?v=mW1dbiD_zDk
0689_gettinoveryou,http://www.youtube.com/watch?v=dXZ8MGTbcP4
0690_givemeeverything,http://www.youtube.com/watch?v=EPo5wWmKEaI
0691_givesyouhell,http://www.youtube.com/watch?v=uxUATkpMQ8A
0692_giveyourheartabreakdos,http://www.youtube.com/watch?v=1zfzka5VwRc
0693_gold,http://www.youtube.com/watch?v=FlaEiiGWgUc
0695_goodbyegoodbye,http://www.youtube.com/watch?v=YjgDuImuD_4
0696_goodgirlsgobad,http://www.youtube.com/watch?v=Ix5z1bRz4Sc
0697_goodlife,http://www.youtube.com/watch?v=o9-SQoYzO5I
0698_goodtime,http://www.youtube.com/watch?v=H7HmzwI67ec
0699_gotmoney,http://www.youtube.com/watch?v=1ohYsK5Y8Dc
0700_gottabesomebody,http://www.youtube.com/watch?v=Q0VRj2uw9L0
0701_gottabeyou,http://www.youtube.com/watch?v=nvfejaHz-o0
0702_greenlight,http://www.youtube.com/watch?v=o-AbEO6J8s0
0704_guitarstringweddingring,http://www.youtube.com/watch?v=5Z8I5if9XyA
0705_haditall,http://www.youtube.com/watch?v=SOPdS8jGaeI
0706_halcyon,http://www.youtube.com/watch?v=zJHqN_ND7xI
0707_halfwaygone,http://www.youtube.com/watch?v=xodmwwNV18w
0708_haloradioedit,http://www.youtube.com/watch?v=bnVUHWCynig
0709_hangingon,http://www.youtube.com/watch?v=J6OvFCoKaZc
0710_hardjeezy,http://www.youtube.com/watch?v=Xcwd_Nz6Zog
0711_heartheartheartbreak,http://www.youtube.com/watch?v=_l0xrW0W8eA
0712_heartless,http://www.youtube.com/watch?v=Co0tTeuUVhU
0713_heartofgoldnow,http://www.youtube.com/watch?v=8YdCx3hGtE4
0714_hell,http://www.youtube.com/watch?v=rWK1jJiGKPM
0715_hellodadalife,http://www.youtube.com/watch?v=kLWI5xIq7JM
0716_heroheroine,http://www.youtube.com/watch?v=hYNznNBeDnQ
0717_heysoulsister,http://www.youtube.com/watch?v=kVpv8-5XWOI
0718_heytheredelilah,http://www.youtube.com/watch?v=h_m-BjrxmgI
0719_hipsdontlie,http://www.youtube.com/watch?v=DUT5rEU6pqM
0721_holdup,http://www.youtube.com/watch?v=zWKzcfyI-PU
0723_hotelroomservice,http://www.youtube.com/watch?v=2up_Eq6r6Ko
0724_hotmessdj,http://www.youtube.com/watch?v=TxD0wyf2vzo
0725_hotncold,http://www.youtube.com/watch?v=CuSVYLb_ooo
0726_hotplay,http://www.youtube.com/watch?v=96FXpO4J8mk
0727_howcomeyoudontwantme,http://www.youtube.com/watch?v=3was0O2TBhU
0728_howyouremindme,http://www.youtube.com/watch?v=1cQh1ccqu8M
0729_hurricane,http://www.youtube.com/watch?v=t-njAuS7eTQ
0730_hurtssogood,http://www.youtube.com/watch?v=jAB1TQY8ipM
0731_icouldntbeyourfriend,http://www.youtube.com/watch?v=Z592oUdYFUw
0732_idontwannabeinlove,http://www.youtube.com/watch?v=YgGLl8CanQo
0733_ifihadyou,http://www.youtube.com/watch?v=_OvD3MjE6A0
0734_iftodaywasyourlastday,http://www.youtube.com/watch?v=lrXIQQ8PeRs
0735_ifuseeamy,http://www.youtube.com/watch?v=0aEnnH6t8Ts
0736_igotafeeling,http://www.youtube.com/watch?v=uSD4vsh1zDA
0737_ihatethispart,http://www.youtube.com/watch?v=S97MaG3kOMY
0738_ihearnoises,http://www.youtube.com/watch?v=F2NPPVloVZU
0739_ikissedagirl,http://www.youtube.com/watch?v=tAp9BKosZXs
0740_ikissedagirljasonnevins,http://www.youtube.com/watch?v=IOgL-LryFZU
0741_iknowyoucare,http://www.youtube.com/watch?v=8BRdY0NR08g
0742_iknowyouwantme2,http://www.youtube.com/watch?v=0S3foICf5uI
0743_iminloveiwannadoit,http://www.youtube.com/watch?v=R1TLePn3NSs
0744_immabe,http://www.youtube.com/watch?v=kdAj-dBNCi4
0745_immabewolf,http://www.youtube.com/watch?v=Q6jKUNrnAR0
0746_imnotyourhero,http://www.youtube.com/watch?v=dSGbOmW4AjI
0747_imreal,http://www.youtube.com/watch?v=b8J61aicIo0
0748_imyours,http://www.youtube.com/watch?v=EkHTsc9PU2A
0749_indestructible2,http://www.youtube.com/watch?v=ueI8HU1cmNE
0750_ineedyourlove,http://www.youtube.com/watch?v=AtKZKl7Bgu0
0751_inlovewithagirl,http://www.youtube.com/watch?v=3of_EN0XpxI
0752_inmyhead,http://www.youtube.com/watch?v=UyG1FG3H6rY
0753_inreallife,http://www.youtube.com/watch?v=kuBoyreDXGM
0755_intothenight,http://www.youtube.com/watch?v=Q8DLbM_T7pc
0756_istillmissyou,http://www.youtube.com/watch?v=JRIt90x4UMs
0758_itgetsbetter,http://www.youtube.com/watch?v=ZplbCFgJ8aE
0759_itgirljasonnevins,http://www.youtube.com/watch?v=u-Y0NEEidnU
0760_iwannarock,http://www.youtube.com/watch?v=pguzToB6I7g
0761_iwant,http://www.youtube.com/watch?v=QVwMyw6NSI0
0762_iwantitthatway,http://www.youtube.com/watch?v=4fndeDfaWCg
0763_iwasafool,http://www.youtube.com/watch?v=WZHGeg_0Rlo
0764_iwish,http://www.youtube.com/watch?v=GhqQi58fbsw
0765_jimmyiovine,http://www.youtube.com/watch?v=cJXuDGL5ooE
0766_justdance,http://www.youtube.com/watch?v=2Abk1jAONjw
0767_justfine,http://www.youtube.com/watch?v=G6ZjBPXSmnE
0768_keepsgettinbetter,http://www.youtube.com/watch?v=gkPxgUshpec
0769_killa,http://www.youtube.com/watch?v=h51k6tQbzr8
0770_kingofmycastle,http://www.youtube.com/watch?v=hwooiJXrSeQ
0771_kisskissmainversion,http://www.youtube.com/watch?v=eNII9PDlFJ0
0772_kissmebackcrytonight,https://www.youtube.com/watch?v=6uwEAwWkit0 (needs to be 3.05% sped-up)
0773_kissmethruthephone,http://www.youtube.com/watch?v=47Fbo4kU2AU
0774_knockyoudown,http://www.youtube.com/watch?v=p_RqWocthcc
0775_knockyoudownbimbojones,http://www.youtube.com/watch?v=l_oZzCzdV-A
0776_krazy,http://www.youtube.com/watch?v=tt3vo6dK3R4
0777_lebump,https://www.youtube.com/watch?v=wLNvnn1UiSM (needs to be 2.4% sped-up)
0778_letitrock,http://www.youtube.com/watch?v=u0n4eMGXAyk
0779_letitrockfilthy,http://www.youtube.com/watch?v=NT1czawGceY
0780_letmebereal,http://www.youtube.com/watch?v=GAxL1lKT7mA
0781_lettinggoduttylove,http://www.youtube.com/watch?v=6giXgG6qQzo
0782_lifeafteryou,http://www.youtube.com/watch?v=Cvm2OYF2p7E
0783_lighton,http://www.youtube.com/watch?v=4i8ZCp3-n7w
0784_lightweight,http://www.youtube.com/watch?v=xhQ7A8RQBOQ
0785_littleliesnow,http://www.youtube.com/watch?v=3NZ069bovUw
0786_livelikeweredying,http://www.youtube.com/watch?v=YbfeSImDntw
0787_liveyourlife,http://www.youtube.com/watch?v=koVHN6eO4Xg
0789_livingroom,http://www.youtube.com/watch?v=74ezTBSuKy0
0790_locapeople,http://www.youtube.com/watch?v=mwq-T2CrJRU
0791_lollipop,http://www.youtube.com/watch?v=2IH8tNQAzSs
0792_lovedrunk,http://www.youtube.com/watch?v=o0c-kC8xZ-I
0793_lovegame,http://www.youtube.com/watch?v=1mB0tP1I-14
0794_lovegamedave,http://www.youtube.com/watch?v=8kmC8inATf8
0796_loveinthisclub,https://www.youtube.com/watch?v=FckYSttengg
0797_loveisgone,https://www.youtube.com/watch?v=8FJ_-dQaHsk
0798_lovelikethis,http://www.youtube.com/watch?v=BPTZVmJrIpo
0799_lovesexmagic,http://www.youtube.com/watch?v=raB8z_tXq7A
0800_lovesexmagicjason,http://www.youtube.com/watch?v=D6HwxkLwDuU
0801_lovesong,http://www.youtube.com/watch?v=qi7Yh16dA0w
0802_lovestoned,http://www.youtube.com/watch?v=QUuKvHHt8Sk
0803_lovestory,http://www.youtube.com/watch?v=fpFB5Lr5kWY
0805_lovetheysay,http://www.youtube.com/watch?v=ha-lMhCtmRs
0806_mad,http://www.youtube.com/watch?v=sAYuOc7_TKg
0807_makemebetter,http://www.youtube.com/watch?v=zyz1oAHY-_g
0808_makethemoney,http://www.youtube.com/watch?v=T0kyzc5-7vw
0810_memoriesextended,http://www.youtube.com/watch?v=TIUgx5B66CI
0811_miami2ibiza,http://www.youtube.com/watch?v=xCuNljfUz_g
0812_miserybimbo,http://www.youtube.com/watch?v=meY724P5w2A
0813_missindependent,http://www.youtube.com/watch?v=k6M5C-oKw9k
0814_mistake,http://www.youtube.com/watch?v=oKYmgr0-S-8
0815_mondaymondaymonday,http://www.youtube.com/watch?v=72SZRgLhoPs
0817_morethanthis,http://www.youtube.com/watch?v=b-RQIN3wo5U
0818_mrsaxobeatext,http://www.youtube.com/watch?v=edHQPKMVTOc
0819_myblood,http://www.youtube.com/watch?v=pQsE2gnERjo
0820_mychickbad,http://www.youtube.com/watch?v=JqHliQijgvA
0821_myfeelingsforyou,https://www.youtube.com/watch?v=DpjWgGeFksM
0823_mylifewouldsuckwithoutyou,http://www.youtube.com/watch?v=cRM70Jw7F4M
0824_mylifewouldsuckwithoutyous,http://www.youtube.com/watch?v=xvUckd0NVEg
0825_myloveislikeastar,http://www.youtube.com/watch?v=PS5Sr-LLES4
0826_myohmy,http://www.youtube.com/watch?v=hvNQWQSwmow
0827_needyounow,http://www.youtube.com/watch?v=eM213aMKTHg
0828_neoncathedral,http://www.youtube.com/watch?v=bKTQexLS9wE
0829_nevertoolate,http://www.youtube.com/watch?v=lL2ZwXj1tXM
0830_nightwatch,http://www.youtube.com/watch?v=kS4lFa6-hFM
0831_noair,http://www.youtube.com/watch?v=WBKnpyoFEBo
0832_noone,http://www.youtube.com/watch?v=rywUS-ohqeE
0833_northshore,http://www.youtube.com/watch?v=YE-4ekeMv0Q
0834_nosurprise,http://www.youtube.com/watch?v=yyl24HRGgSU
0835_notetogod,http://www.youtube.com/watch?v=ju_A-T4ZjUo
0836_notmyselftonight,http://www.youtube.com/watch?v=MsZxeSUGP-0
0837_nottonight,http://www.youtube.com/watch?v=T73FCU68Mto
0838_nowimallmessedup,http://www.youtube.com/watch?v=cksZLD0y5WU
0839_nowyouseeit,http://www.youtube.com/watch?v=o7kUMvYJQtw
0840_obsessed,http://www.youtube.com/watch?v=H1Yt0xJKDY8
0841_obsessedcahill,http://www.youtube.com/watch?v=SgupWsLB4HQ
0842_obsessionstatic,http://www.youtube.com/watch?v=7_K6EMJn33M
0843_omgalmighty,https://www.youtube.com/watch?v=zu90nIZLRaY
0844_ondirecting,http://www.youtube.com/watch?v=3PcVHDZZquI
0845_onefoot,http://www.youtube.com/watch?v=2Tuyw9WBFkQ
0846_onelove,http://www.youtube.com/watch?v=Zk17KhMuZHc
0847_onestepatatime,http://www.youtube.com/watch?v=PIE5QtkxzvM
0848_onething,http://www.youtube.com/watch?v=Y1xs_xPb46M
0849_onlyyou,http://www.youtube.com/watch?v=7Um8Q-5UL0E
0850_onlyyoucanlovemethisway,http://www.youtube.com/watch?v=-YxBy3-HdhM
0851_openurmind,http://www.youtube.com/watch?v=PMeVfI86hfk
0852_oursong,http://www.youtube.com/watch?v=Jb2stN7kH28
0853_outonthetown,http://www.youtube.com/watch?v=SqjEE34upvM
0854_overmyheadcablecar,http://www.youtube.com/watch?v=fFRkpvvop3I
0855_overyou,http://www.youtube.com/watch?v=m02-RHN_hQE
0856_paperbackhead,http://www.youtube.com/watch?v=1yIUFPwQWsk
0857_paralyzer,http://www.youtube.com/watch?v=BJk6gZuPKRE
0858_peoplearepeople,http://www.youtube.com/watch?v=MzGnX-MbYE4
0859_picturesofyou,http://www.youtube.com/watch?v=mgX7zmsrzBE
0860_pieceofme,http://www.youtube.com/watch?v=u4FF6MpcsRw
0861_pingmebaby,http://www.youtube.com/watch?v=12QpZP0qtOg
0862_pleasedontleaveme,http://www.youtube.com/watch?v=Eu5F1LXMHNw
0863_pleasedontleavemedigi,https://www.youtube.com/watch?v=1_9SjxZsD0w
0864_pleasedontleavememain,http://www.youtube.com/watch?v=eocCPDxKq1o
0865_pocketfulofsunshine,http://www.youtube.com/watch?v=gte3BoXKwP0
0866_pokerfacedave,http://www.youtube.com/watch?v=wjsyT6v5TyI
0867_pokerfacedos,http://www.youtube.com/watch?v=bESGLojNYSo
0868_puton,http://www.youtube.com/watch?v=1aEImx74gLA
0869_raiseyourweapon,http://www.youtube.com/watch?v=YnwfTHpnGLY
0870_ratedr,http://www.youtube.com/watch?v=mV_hcVYefoY
0872_readyfortheweekend,http://www.youtube.com/watch?v=XO4msvIA7cw
0873_readyornot,http://www.youtube.com/watch?v=dPKG1-3LXBs
0874_realize,http://www.youtube.com/watch?v=GlZxZ2n2zpw
0875_redbelt,http://www.youtube.com/watch?v=V3qm0hg41XU
0876_rehab,http://www.youtube.com/watch?v=rJYcmq__nDM
0877_releasemenow,http://www.youtube.com/watch?v=7vevOMWY6MY
0878_replay,http://www.youtube.com/watch?v=COMaG7pObgE
0879_ridinsoloian,http://www.youtube.com/watch?v=H6kshXga2TU
0880_righthere,http://www.youtube.com/watch?v=v5UvS_Lc5Aw
0881_rightround,http://www.youtube.com/watch?v=CcCw1ggftuQ
0882_rightroundbenny,http://www.youtube.com/watch?v=qaTc1u50zG8
0883_rocksatmywindow,http://www.youtube.com/watch?v=JAtSVGgTPuQ
0884_rockstar,http://www.youtube.com/watch?v=DmeUuoxyt_E
0886_rudeboy,http://www.youtube.com/watch?v=e82VE8UtW8A
0888_russianroulettejump,http://www.youtube.com/watch?v=MHysRajI7pY
0889_samelove,http://www.youtube.com/watch?v=hlVBg7_08n0
0890_samemistakes,http://www.youtube.com/watch?v=JhMc9pBtFAE
0891_savetheworld,http://www.youtube.com/watch?v=-bt94yKsKHQ
0892_saveyoutonight,http://www.youtube.com/watch?v=qBeKZcVLvAo
0893_say,http://www.youtube.com/watch?v=phaIklEphSM
0894_sayheyiloveyou,http://www.youtube.com/watch?v=A0fYKguHFcQ
0895_scarymonsters,http://www.youtube.com/watch?v=wvcD4wJ9vZ0
0897_sentimentaltune,http://www.youtube.com/watch?v=YIQro9PD1y4
0898_sexyback,http://www.youtube.com/watch?v=3gOHvDP_vCs
0899_sexycani,http://www.youtube.com/watch?v=YeVOnHce37Y
0900_sexychickakon,http://www.youtube.com/watch?v=N9hazmsUxrM
0901_sexydj,http://www.youtube.com/watch?v=wArQoJHap3w
0902_shakeitradiomix,http://www.youtube.com/watch?v=_wjFahULCK8
0903_shakethatbubblenow,http://www.youtube.com/watch?v=aL4S0IBngFs
0904_shewolf,http://www.youtube.com/watch?v=booKP974B0k
0905_shocktoyoursystem,http://www.youtube.com/watch?v=p4VzGgjXnI4
0906_shutupanddrive,http://www.youtube.com/watch?v=up7pvPqNkuU
0907_skyscraper,http://www.youtube.com/watch?v=r_8ydghbGSg
0908_sober,http://www.youtube.com/watch?v=z4VBz8boags
0909_sofineed,http://www.youtube.com/watch?v=gDndZn0YPdI
0910_solo,http://www.youtube.com/watch?v=140ImixpY7M
0911_someday,http://www.youtube.com/watch?v=7PRtBDpm6zY
0912_somenights,http://www.youtube.com/watch?v=qQkBeOisNM0
0913_somuchlove,https://www.youtube.com/watch?v=LVXK9vDIKDY (needs to be 1.6% sped-up)
0914_soobviousnow,http://www.youtube.com/watch?v=H6YwOARUqJ8
0915_sosletthemusicplay,http://www.youtube.com/watch?v=jWE0vdJeNbU
0916_sowhat,http://www.youtube.com/watch?v=FJfFZqTlWrQ
0917_spacemanties,http://www.youtube.com/watch?v=XKQjHKp_cwM
0918_starstrukk,http://www.youtube.com/watch?v=dvf--10EYXw
0919_stereolove,http://www.youtube.com/watch?v=p-Z3YrHJ1sU
0920_stopandstare,http://www.youtube.com/watch?v=HtNS1afUOnE
0921_stronger,http://www.youtube.com/watch?v=PsO6ZnUZI0g
0922_suffocate,http://www.youtube.com/watch?v=PbhGPHWlut0
0923_sunandmoon,http://www.youtube.com/watch?v=9pDGrx7p-Ow
0924_sunisup,http://www.youtube.com/watch?v=ACGL9XsTeFo
0925_sweetdisposition,http://www.youtube.com/watch?v=jxKjOOR9sPU
0926_sweetthing,http://www.youtube.com/watch?v=bgCdd0Db_fM
0927_swing,http://www.youtube.com/watch?v=ltwzYC-zMJI
0928_takeabow,http://www.youtube.com/watch?v=xxsk4VAXDVU
0929_takeovercontrolext,http://www.youtube.com/watch?v=ti-39pAqel8
0930_takeyourtime,http://www.youtube.com/watch?v=Hd1LoyoMmzk
0931_takeyouthere,http://www.youtube.com/watch?v=axq1jQTk84w
0932_tattoo,http://www.youtube.com/watch?v=EspCzgXH0o0
0933_teardropsonmyguitar,http://www.youtube.com/watch?v=xKCek6_dB0M
0934_teenagedreamkaskade,http://www.youtube.com/watch?v=TqukM2bR5HU
0936_tequieroacoustic,http://www.youtube.com/watch?v=u5aBpupTzf4
0937_thatsnotmyname,http://www.youtube.com/watch?v=v1c2OfAzDTI
0938_thebusiness,http://www.youtube.com/watch?v=LFtGY8pWIC0
0939_thecure,http://www.youtube.com/watch?v=vAu0WxaYFro
0940_thehousethatbuiltme,http://www.youtube.com/watch?v=DQYNM6SjD_o
0941_theocean,http://www.youtube.com/watch?v=G4Y9EAZi_2o
0943_thetheayer,https://www.youtube.com/watch?v=JxPdgU9uONo
0945_thewayiareradio,http://www.youtube.com/watch?v=U5rLz5AZBIA
0946_thinkingofyou,http://www.youtube.com/watch?v=wdGZBRAwW74
0947_thiskiss,http://www.youtube.com/watch?v=Vf78alvpxRM
0948_thislove,http://www.youtube.com/watch?v=XPpTgCho5ZA
0949_throwitinthebag,http://www.youtube.com/watch?v=zJOeXh6HyvU
0950_throwyourhandsup,http://www.youtube.com/watch?v=779UnczX-Kk
0951_thunder,http://www.youtube.com/watch?v=ytLzxl4-mLw
0952_tiktok,http://www.youtube.com/watch?v=iP6XpLQM2Cs
0953_tilltheworldends2,http://www.youtube.com/watch?v=qzU9OrZlKb8
0954_timeaftertimevan,http://www.youtube.com/watch?v=r39vLIpq3lM
0955_tinylittlebows,http://www.youtube.com/watch?v=7DPQWd4l1Ms
0956_tonightimgettingoveryou,http://www.youtube.com/watch?v=cBOE1aUNZVo
0958_turnmeup,http://www.youtube.com/watch?v=LIuFee4_mRc
0959_turnthisclubaround,http://www.youtube.com/watch?v=wZRnKfAHfL4
0960_umbrella,http://www.youtube.com/watch?v=FZo0EmATnm0
0961_unfaithfulfemme,http://www.youtube.com/watch?v=g9XDTT7MZzo
0962_usagainsttheworldjason,https://www.youtube.com/watch?v=G-nnWAOt6s4
0964_wakingupinvegas,http://www.youtube.com/watch?v=1-pUaogoX5o
0965_wakingupinvegascalvin,http://www.youtube.com/watch?v=yGKHqv0P64Q
0966_wakingupinvegascalvinh,http://www.youtube.com/watch?v=yGKHqv0P64Q
0967_walkingonadream,http://www.youtube.com/watch?v=OOZVxHEg0D8
0968_walltowall,http://www.youtube.com/watch?v=-MXOspWx7ic
0969_webelongtogether,http://www.youtube.com/watch?v=0habxsuXW4g
0970_whataboutnow,http://www.youtube.com/watch?v=ELjQWVxfwfY
0971_whatayawantfromme,http://www.youtube.com/watch?v=X1Fqn9du7xo
0972_whatchasay,http://www.youtube.com/watch?v=pBI3lc18k8Q
0973_whateverittakes,http://www.youtube.com/watch?v=kSJONe_ULII
0974_whateveryoulike,http://www.youtube.com/watch?v=nQJACVmankY
0975_whathappensinvegas,http://www.youtube.com/watch?v=rhzgkSqmbcI
0977_wheelsnow,http://www.youtube.com/watch?v=uRwTnzZ06is
0978_whenigrowup,http://www.youtube.com/watch?v=K0K46C82v9o
0979_whenlovetakesover,http://www.youtube.com/watch?v=zudbz4hOcbc
0980_whenyouleave,https://www.youtube.com/watch?v=n_NpuCS90jA (needs to be 3.6% sped-up)
0981_whenyouregone,http://www.youtube.com/watch?v=0G3_kG5FFfQ
0982_whoknewdos,http://www.youtube.com/watch?v=NJWIbIe0N90
0983_whyamitheone,http://www.youtube.com/watch?v=dO6WmM7w93I
0986_winner,http://www.youtube.com/watch?v=FD9Kb5RlsP0
0987_withyou,https://www.youtube.com/watch?v=nmjdaBaZe8Y
0988_withyoukovas,http://www.youtube.com/watch?v=naciFSaTIzw
0989_womanizer,http://www.youtube.com/watch?v=rMqayQ-U74s
0991_worryaboutyounow,http://www.youtube.com/watch?v=fiMk1HI9yh8
0992_wrongthinwhiteduke,https://www.youtube.com/watch?v=88vxJznm7Pc
0993_youandidanny,http://www.youtube.com/watch?v=0cancobs6ak
0994_youbelongwithme,http://www.youtube.com/watch?v=VuNIsY6JdUw
0995_youfoundme,http://www.youtube.com/watch?v=jFg_8u87zT0
0998_youregonnamissthis,http://www.youtube.com/watch?v=lBDN8yWyNYU (needs to be -0.2% sped-up)
0999_yourheartisamuscle,http://www.youtube.com/watch?v=Pbw4vCdP-zs
1000_yourloveismydrug,http://www.youtube.com/watch?v=QR_qa3Ohwls
1001_yourloveismydrugdave,http://www.youtube.com/watch?v=d-lW_ARqBkw
